,heading,tag,timestamp
0,"Helmerich & Payne, Inc. (HP) CEO John Lindsay on Q4 2020 Results - Earnings Call Transcript",HP,"
HP•
      Fri, Nov. 20, 10:32 PM

        •
SA Transcripts
"
1,GSX Techedu's (GSX) CEO Larry Chen on Q3 2020 Results - Earnings Call Transcript,GSX,"
GSX•
      Fri, Nov. 20,  9:54 PM

        •
SA Transcripts
"
2,Eli Lilly and Company (LLY) Presents Tirzepatide SURPASS Program Overview Conference (Transcript),LLY,"
LLY•
      Fri, Nov. 20,  6:28 PM

        •
SA Transcripts
•1 Comment "
3,Cresud SACIF y A (CRESY) CEO Alejandro Elsztain on Q1 2021 Results - Earnings Call Transcript,CRESY,"
CRESY•
      Fri, Nov. 20,  5:21 PM

        •
SA Transcripts
"
4,IRSA Inversiones y Representaciones Sociedad Anónima's (IRS) Management on Q1 2021 Results - Earnings Call Transcript,IRS,"
IRS•
      Fri, Nov. 20,  4:21 PM

        •
SA Transcripts
"
5,"Magellan Midstream Partners, L.P. (MMP) Presents at RBC Midstream and Energy Infrastructure Conference (Transcript)",MMP,"
MMP•
      Fri, Nov. 20,  4:01 PM

        •
SA Transcripts
"
6,Grupo Supervielle's (SUPV) CEO Patricio Supervielle on Q3 2020 Results - Earnings Call Transcript,SUPV,"
SUPV•
      Fri, Nov. 20,  3:50 PM

        •
SA Transcripts
"
7,PennantPark Investment Corporation (PNNT) CEO Art Penn on Q4 2020 Results - Earnings Call Transcript,PNNT,"
PNNT, PNNTG•
      Fri, Nov. 20,  3:35 PM

        •
SA Transcripts
•1 Comment "
8,Geospace Technologies Corporation (GEOS) CEO Walter Wheeler on Q4 2020 Results - Earnings Call Transcript,GEOS,"
GEOS•
      Fri, Nov. 20,  3:31 PM

        •
SA Transcripts
"
9,The RMR Group's (RMR) CEO Adam Portnoy on Q4 2020 Results - Earnings Call Transcript,RMR,"
RMR•
      Fri, Nov. 20,  3:25 PM

        •
SA Transcripts
"
10,Sysco Corporation (SYY) 2020 Annual Meeting of Stockholders (Transcript),SYY,"
SYY•
      Fri, Nov. 20,  3:02 PM

        •
SA Transcripts
"
11,Real Matters' (RLLMF) CEO Brian Lang on Q4 2020 Results - Earnings Call Transcript,RLLMF,"
RLLMF•
      Fri, Nov. 20,  3:01 PM

        •
SA Transcripts
•1 Comment "
12,"Destination XL Group, Inc. (DXLG) CEO Harvey Kanter on Q3 2020 Results - Earnings Call Transcript",DXLG,"
DXLG•
      Fri, Nov. 20,  2:51 PM

        •
SA Transcripts
"
13,"Bellring Brands, Inc. (BRBR) CEO Darcy Davenport on Q4 2020 Results - Earnings Call Transcript",BRBR,"
BRBR•
      Fri, Nov. 20,  2:51 PM

        •
SA Transcripts
"
14,Burning Rock Biotech Limited (BNR) CEO Yusheng Han on Q3 2020 Results - Earnings Call Transcript,BNR,"
BNR•
      Fri, Nov. 20,  2:47 PM

        •
SA Transcripts
"
15,"The Buckle, Inc. (BKE) CEO Dennis Nelson on Q3 2020 Results - Earnings Call Transcript",BKE,"
BKE•
      Fri, Nov. 20,  2:36 PM

        •
SA Transcripts
•1 Comment "
16,HeadHunter Group's (HHR) CEO Mikhail Zhukov on Q3 2020 Results - Earnings Call Transcript,HHR,"
HHR•
      Fri, Nov. 20,  2:02 PM

        •
SA Transcripts
"
17,"Hibbett Sports, Inc.'s (HIBB) CEO Mike Longo on Q3 2021 Results - Earnings Call Transcript",HIBB,"
HIBB•
      Fri, Nov. 20,  1:47 PM

        •
SA Transcripts
•1 Comment "
18,"Foot Locker, Inc. (FL) CEO Dick Johnson on Q3 2020 Results - Earnings Call Transcript",FL,"
FL•
      Fri, Nov. 20,  1:37 PM

        •
SA Transcripts
"
19,IEC Electronics Corp (IEC) CEO Jeff Schlarbaum on Q4 2020 Results - Earnings Call Transcript,IEC,"
IEC•
      Fri, Nov. 20,  1:20 PM

        •
SA Transcripts
•1 Comment "
20,Matthews International Corp (MATW) CEO Joseph Bartolacci on Q4 2020 Results - Earnings Call Transcript,MATW,"
MATW•
      Fri, Nov. 20, 12:49 PM

        •
SA Transcripts
"
21,"AT&T, Inc. (T) Presents at Morgan Stanley TMT Broker Conference Call - (Transcript)",T,"
T, T.PC, TBC•
      Fri, Nov. 20, 12:49 PM

        •
SA Transcripts
•9 Comments "
22,i3 Verticals Inc (IIIV) CEO Gregory Daily on Q4 2020 Results - Earnings Call Transcript,IIIV,"
IIIV•
      Fri, Nov. 20, 12:03 PM

        •
SA Transcripts
"
23,"Post Holdings, Inc. (POST) CEO Rob Vitale on Q4 2020 Results - Earnings Call Transcript",POST,"
POST•
      Fri, Nov. 20, 11:42 AM

        •
SA Transcripts
"
24,"Ooma, Inc. (OOMA) CEO Eric Stang on Q3 2021 Results - Earnings Call Transcript",OOMA,"
OOMA•
      Fri, Nov. 20,  8:13 AM

        •
SA Transcripts
"
25,Eurobank Ergasias Services and Holding's (EGFEY) CEO Fokion Karavias on Q3 2020 Results - Earnings Call Transcript,EGFEY,"
EGFEY, EGFEF•
      Fri, Nov. 20,  6:33 AM

        •
SA Transcripts
"
26,"360 DigiTech, Inc. (QFIN) CEO Wu Haisheng on Q3 2020 Results - Earnings Call Transcript",QFIN,"
QFIN•
      Fri, Nov. 20,  3:40 AM

        •
SA Transcripts
"
27,"T-Mobile US, Inc. (TMUS) Management Presents at Morgan Stanley European Technology, Media & Telecom Conference (Transcript)",TMUS,"
TMUS•
      Fri, Nov. 20,  2:22 AM

        •
SA Transcripts
•1 Comment "
28,Altice Europe's (ALVVF) Management on Q3 2020 Results - Earnings Call Transcript,ALVVF,"
ALVVF, ALLVF, ALTCY•
      Fri, Nov. 20,  1:32 AM

        •
SA Transcripts
"
29,"Workday, Inc. (WDAY) CEO Aneel Bhusri on Q3 2021 Results - Earnings Call Transcript",WDAY,"
WDAY•
      Fri, Nov. 20, 12:46 AM

        •
SA Transcripts
"
